タブ,,,,,,,,ID,項目名,表示条件,値,選択要素,規定値,最小値,最大値,型,小数点以下,単位,備考
全般,○,,,,,,,bsc_name,住宅の名称,,,,○○○○邸,,,text,,,
,○,,,,,,,bsc_kyoshitsu_kousei,居室の構成,,1,主たる居室とその他の居室、非居室で構成される,1,1,2,short,,,
,,,,,,,,,,,2,それ以外の構成,,,,,,,
,,○,,,,,,bsc_sonotakyoshitsu,その他居室の有無,「居室の構成」=2,1,有,1,1,2,short,,,
,,,,,,,,,,,2,無,,,,,,,
,,○,,,,,,bsc_hikyoshitsu,非居室の有無,「居室の構成」=2,1,有,1,1,2,short,,,
,,,,,,,,,,,2,無,,,,,,,
,○,,,,,,,bsc_nobeyuka_menseki,床面積の合計,,,,120.08,1.00,5000,decimal,2,m2,
,○,,,,,,,bsc_shukyoshitsu_menseki,主たる居室の床面積,,,,29.81,1.00,5000,short,2,m2,"「主居室の床面積」と「その他の床居室の面積」の合計値が「床面積の合計」を超えてはいけない。"
,,〇,,,,,,bsc_sonotakyoshitsu_menseki,その他の居室の床面積,「居室の構成」=2,,,51.34,1.00,5000,short,2,m2,"「主居室の床面積」と「その他の床居室の面積」の合計値が「床面積の合計」を超えてはいけない。"
,○,,,,,,,env_chiki,省エネルギー基準地域区分,,1,1地域（Ⅰa地域）,6,1,8,short,,,
,,,,,,,,,,,2,2地域（Ⅰb地域）,,,,,,,
,,,,,,,,,,,3,3地域（Ⅱ地域）,,,,,,,
,,,,,,,,,,,4,4地域（Ⅲ地域）,,,,,,,
,,,,,,,,,,,5,5地域（Ⅳa地域）,,,,,,,
,,,,,,,,,,,6,6地域（Ⅳb地域）,,,,,,,
,,,,,,,,,,,7,7地域（Ⅴ地域）,,,,,,,
,,,,,,,,,,,8,8地域（Ⅵ地域）,,,,,,,
,○,,,,,,,bsc_solarlv_specify,年間日射地域区分を指定する。（太陽光発電又は太陽熱温水パネルを設置する場合は必ず選択してください。）,,1,指定しない,1,1,2,short,,,
,,,,,,,,,,,2,指定する,,,,,,,
,,○,,,,,,bsc_solarlv,年間日射地域区分,「年間日射地域区分の指定」=2,1,A1区分（年間の日射量が特に少ない地域）,-,1,5,short,,,
,,,,,,,,,,,2,A2区分（年間の日射量が少ない地域）,,,,,,,
,,,,,,,,,,,3,A3区分（年間の日射量が中程度の地域）,,,,,,,
,,,,,,,,,,,4,A4区分（年間の日射量が多い地域）,,,,,,,
,,,,,,,,,,,5,A5区分（年間の日射量が特に多い地域）,,,,,,,
,〇,,,,,,,sh_nisshanetsu,暖房期日射量地域区分,,1,H1区分(暖房期の日射量が特に少ない地域),3,1,5,short,,,
,,,,,,,,,,,2,H2区分(暖房期の日射量が少ない地域),,,,,,,
,,,,,,,,,,,3,H3区分(暖房期の日射量が中程度の地域) [規定値],,,,,,,
,,,,,,,,,,,4,H4区分(暖房期の日射量が多い地域),,,,,,,
,,,,,,,,,,,5,H5区分(暖房期の日射量が特に多い地域),3,1,5,short,,,
,〇,,,,,,,sh_nisshanetsu,冷房期日射量地域区分,,1,C1区分(冷房期の日射量が特に少ない地域),,,,,,,
,,,,,,,,,,,2,C2区分(冷房期の日射量が少ない地域),,,,,,,
,,,,,,,,,,,3,C3区分(冷房期の日射量が中程度の地域),,,,,,,
,,,,,,,,,,,4,C4区分(冷房期の日射量が多い地域),,,,,,,
,,,,,,,,,,,5,C5区分(冷房期の日射量が特に多い地域),,,,,,,
,〇,,,,,,,,外部風速(立地・気候条件(自然風の利用・制御)),,1,1 m/s 以下,1,1,3,short,,,
,,,,,,,,,,,2,1〜2 m/s,,,,,,,
,,,,,,,,,,,3,2 m/s 以上,,,,,,,
,〇,,,,,,,,敷地周辺の密集度(立地・気候条件(自然風の利用・制御)),,1,立地1: 都市型の立地(区域建蔽率が20%超),1,1,2,short,,,
,,,,,,,,,,,2,立地2: 郊外型の立地(区域建蔽率が20%以下),,,,,,,
,〇,,,,,,,,敷地周辺の密集度(立地・気候条件(昼光利用)),,1,立地1 : 太陽光の利用が困難な過密・高層型の立地,1,1,3,short,,,
,,,,,,,,,,,2,立地2 : 太陽光の利用に⼯夫が必要な過密型の立地,,,,,,,
,,,,,,,,,,,3,立地3 : 太陽光の利用が容易な郊外型の立地,,,,,,,
,〇,,,,,,,,隣棟の影響,,1,評価する,1,1,2,short,,,
,,,,,,,,,,,2,評価しない,,,,,,,
,,〇,,,,,,,敷地周辺の密集度(隣棟の影響),,1,立地1 : 密集している市街地,1,1,3,short,,,
,,,,,,,,,,「隣棟の影響」=1,2,立地2 : 密集していない市街地,,,,,,,
,,,,,,,,,,,3,立地3 : 郊外,,,,,,,
,〇,,,,,,,,自立循環型住宅の設計目標像（典型タイプ）の選択,,1,住宅タイプ1 (伝統的自然生活指向),1,1,3,short,,,
,,,,,,,,,,,2,住宅タイプ2 (自然生活指向),,,,,,,
,,,,,,,,,,,3,住宅タイプ3 (設備生活指向,,,,,,,
自然風,〇,,,,,,,,主たる居室　自然風の利用の有無,,1,⾃然⾵を利用しない・評価しない,1,1,3,short,,,
,,,,,,,,,,,2,⾃然⾵の利用手法を選択して省エネルギー効果を評価する,,,,,,,
,,,,,,,,,,,3,換気回数を選択して省エネルギー効果を評価する,,,,,,,
,,〇,,,,,,,主たる居室　高窓の利用の有無,「主たる居室 自然風の利用の有無」=2,1,利用しない,1,1,2,short,,,
,,,,,,,,,,,2,利用する,,,,,,,
,,,〇,,,,,,主たる居室　【手法１】通風経路上の開口面積の確保,「主たる居室　高窓の利用の有無」=1,1,開⼝部面積を確保していない,1,1,3,short,,,
,,,,,,,,,,,2,開⼝部面積（⼩）の組み合わせを確保している（手法1a）,,,,,,,
,,,,,,,,,,,3,• 開⼝部面積（⼤）の組み合わせを確保している（手法1b）,,,,,,,
,,,〇,,,,,,主たる居室　【手法3】高窓の利用,「主たる居室　高窓の利用の有無」=2,1,開⼝部面積を確保していない,1,1,3,short,,,
,,,,,,,,,,,2,開⼝部面積（⼩）の組み合わせを確保している（手法3a）,,,,,,,
,,,,,,,,,,,3,• 開⼝部面積（⼤）の組み合わせを確保している（手法3b）,,,,,,,
,,〇,,,,,,,主たる居室　【手法2】卓越風向に応じた開口部配置,「主たる居室 自然風の利用の有無」=2 かつ 「敷地周辺の密集度」=2,1,適用しない,1,1,2,short,,,
,,,,,,,,,,,2,適用する,,,,,,,
,,〇,,,,,,,主たる居室　換気回数を入力する,「主たる居室 自然風の利用の有無」=3,,,0,0,50,decimal,0,,
,〇,,,,,,,,その他の居室　 自然風の利用の有無,,1,⾃然⾵を利用しない・評価しない,1,1,3,short,,,
,,,,,,,,,,,2,⾃然⾵の利用手法を選択して省エネルギー効果を評価する,,,,,,,
,,,,,,,,,,,3,換気回数を選択して省エネルギー効果を評価する,,,,,,,
,,〇,,,,,,,その他の居室　高窓の利用の有無,「主たる居室 自然風の利用の有無」=1,1,利用しない,1,1,2,short,,,
,,,,,,,,,,,2,利用する,,,,,,,
,,,〇,,,,,,その他の居室　【手法1】通風経路上の開口部面積の確保,「主たる居室　高窓の利用の有無」=2,1,開⼝部面積を確保していない,1,1,3,short,,,
,,,,,,,,,,,2,開⼝部面積（⼩）の組み合わせを確保している（手法1a）,,,,,,,
,,,,,,,,,,,3,• 開⼝部面積（⼤）の組み合わせを確保している（手法1b）,,,,,,,
,,,〇,,,,,,その他の居室　【手法3】高窓の利用 ,「主たる居室　高窓の利用の有無」=2,1,開⼝部面積を確保していない,1,1,3,short,,,
,,,,,,,,,,,2,開⼝部面積（⼩）の組み合わせを確保している（手法3a）,,,,,,,
,,,,,,,,,,,3,• 開⼝部面積（⼤）の組み合わせを確保している（手法3b）,,,,,,,
,,〇,,,,,,,その他の居室　【手法2】卓越風向に応じた開口部配置,「主たる居室 自然風の利用の有無」=2 かつ 「敷地周辺の密集度」=2,1,適用しない,1,1,2,short,,,
,,,,,,,,,,,2,適用する,,,,,,,
,,〇,,,,,,,その他の居室　換気回数を入力する,「主たる居室 自然風の利用の有無」=3,,,0,0,50,decimal,0,,
外皮,○,,,,,,,ip_houhou,外皮性能の評価方法,,1,当該住宅のすべての外⽪面積や⻑さを用いて評価する,1,1,2,short,,,
,,,,,,,,,,,2,⼤まかな住宅形状から簡易的に求めた外⽪面積や⻑さを用いて評価する,,,,,,,
,,〇,,,,,,ip_yuka_dannetsu,床の断熱方法,「外皮性能の評価方法」=2,1,基礎断熱,1,1,2,short,,,
,,,,,,,,,,,2,床断熱,,,,,,,
,,○,,,,,,bsc_sougaihi_menseki,外皮面積の合計,「外皮性能の評価方法」=1,,,307.51,0.00,5000,decimal,2,m2,
,○,,,,,,,ip_u_value,外皮平均熱貫流率（U値）,,,,0.87,0.00,9.99,decimal,2,W/(m2K),
,○,,,,,,,ss_eta_value,冷房期平均日射熱取得率（ηC値）,,,,2.8,0.0,99.9,decimal,1,,
,○,,,,,,,sw_eta_value,暖房期平均日射熱取得率（ηH値）,,,,4.3,0.0,99.9,decimal,1,,
,○,,,,,,,ip_q_value,単位温度差あたりの外皮熱損失量（q値）,,,,279.8,0.0,1999.9,decimal,1,W/K,
,○,,,,,,,ss_m_value,単位日射強度あたりの冷房期日射熱取得量（mC値）,,,,6.49,0.00,99.99,decimal,2,W/(W/m2),
,○,,,,,,,sw_m_value,単位日射強度あたりの暖房期日射熱取得量（mH値）,,,,12.37,0.00,99.99,decimal,2,W/(W/m2),
蓄熱,○,,,,,,,ts_main,蓄熱の利用(主たる居室),,1,利用しない,1,1,2,short,,,
,,,,,,,,,,,2,利用する,,,,,,,
,○,,,,,,,ts_general,蓄熱の利用(その他の居室),,1,利用しない,,,,,,,
,,,,,,,,,,,2,利用する,,,,,,,
,○,,,,,,,ts_other,蓄熱の利用(非居室),,1,利用しない,,,,,,,
,,,,,,,,,,,2,利用する,,,,,,,
暖房設備,○,,,,,,,hs_houhou,暖房方式の選択,,1,住戸全体を暖房する,2,1,2,short,,,
,,,,,,,,,,,2,居室のみを暖房する,,,,,,,
,,,,,,,,,,,,,,,,,,,
,,○,,,,,,hs_type,暖房設備機器の選択,「暖房方式の選択」=1,1,ダクト式セントラル空調機（ヒートポンプ式熱源）,1,1,1,short,,,今のところ全館連続暖房はこの設備しかないので強制的にこの項目を選択させることになる。
,,,○,,,,,hs_dc_houhou,定格能力および定格消費電力の入力,「暖房設備機器の選択」=1,1,入力しない,,,,,,,
,,,,,,,,,,,2,定格能力および定格消費電力を入力することにより省エネルギー効果を評価する,1,1,2,short,,,
,,,,○,,,,hs_dc_capacity,定格暖房能力,「暖房設備機器の選択」=2,,定格暖房能力,8000,1000,30000,decimal,0,W,
,,,,○,,,,hs_dc_power,定格暖房消費電力,「暖房設備機器の選択」=2,,定格暖房消費電力,2128,100,15000,decimal,0,W,
,,,○,,,,,hs_dc_hosei,風量補正,「暖房設備機器の選択」=1,1,風量補正なし,1,1,2,short,,,
,,,,,,,,,,,2,風量補正あり,,,,,,,
,,,,○,,,,hs_dc_cpl1_value,消費電力量補正係数(風量補正なし),「風量補正」=1,,,1.65,1.00,9.99,decimal,2,-,
,,,,○,,,,hs_dc_cpl2_value,消費電力量補正係数(風量補正あり),「風量補正」=2,,,1.40,1.00,9.99,decimal,2,-,
,,○,,,,,,hs_ldk_type,暖房設備機器または放熱器の選択　主たる居室,「暖房方式の選択」=2,1,温水暖房用床暖房,4,1,10,short,,,
,,,,,,,,,,,2,温水暖房用パネルラジエーター,,,,,,,
,,,,,,,,,,,3,温水暖房用ファンコンベクター,,,,,,,
,,,,,,,,,,,4,ルームエアコンディショナー,,,,,,,
,,,,,,,,,,,5,FF暖房設備,,,,,,,
,,,,,,,,,,,6,電気蓄熱暖房器,,,,,,,
,,,,,,,,,,,7,電気ヒーター床暖房,,,,,,,
,,,,,,,,,,,10,ルームエアコンディショナー付温水床暖房機,,,,,,,
,,,,,,,,,,,9,その他の暖房設備機器,,,,,,,
,,,,,,,,,,,8,暖房設備機器を設置しない,,,,,,,
,,,○,,,,,hs_ldk_aircon_houhou,省エネルギー対策の有無および種類,「暖房設備機器の選択　主たる居室」=4,1,特に省エネルギー対策をしていない,1,1,2,short,,,
,,,,,,,,,,,2,エネルギー消費効率の区分を入力することにより省エネルギー効果を評価する,,,,,,,
,,,,○,,,,hs_ldk_aircon_koukouritsu,エネルギー消費効率の区分,「省エネルギー対策の有無および種類」=2,1,区分（い）,3,1,3,short,,,
,,,,,,,,,,,2,区分（ろ）,,,,,,,
,,,,,,,,,,,3,区分（は）,,,,,,,
,,,,○,,,,hs_ldk_aircon_dualcompressor,容量可変型コンプレッサー,「省エネルギー対策の有無および種類」=2,1,搭載しない,1,1,2,short,,,
,,,,,,,,,,,2,搭載する,,,,,,,
,,,○,,,,,hs_ldk_ff_houhou,省エネルギー対策の有無および種類,「暖房設備機器の選択　主たる居室」=5,1,特に省エネルギー対策をしていない,1,1,2,short,,,
,,,,,,,,,,,2,エネルギー消費効率を入力することにより省エネルギー効果を評価する,,,,,,,
,,,,○,,,,hs_ldk_ff_e,定格能力におけるエネルギー消費効率,「省エネルギー対策の有無および種類」=2,,,86.0,0.0,100.0,decimal,1,%,
,,,○,,,,,hs_ldk_yuka_fusetsu,敷設率,「暖房設備機器の選択　主たる居室」=1,,,50.0,0.1,100,decimal,1,%,
,,,○,,,,,hs_ldk_yuka_dannetsu,床の断熱（上面放熱率）,「暖房設備機器の選択　主たる居室」=1,,,70,1,100,decimal,0,,
,,,○,,,,,hs_ldk_heater_fusetsu,敷設率,「暖房設備機器の選択　主たる居室」=7,,,50.0,0.1,100.0,decimal,1,%,
,,,○,,,,,hs_ldk_heater_dannetsu,床の断熱（上面放熱率）,「暖房設備機器の選択　主たる居室」=7,,,70,1,100,decimal,0,,
,,,○,,,,,hs_ldk_other_name,その他の設備機器の名称,「暖房設備機器の選択　主たる居室」=8,,,-,,,text,,,
,,,○,,,,,hs_ldk_racfh_fusetsu,敷設率,「暖房設備機器の選択　主たる居室」=10,,,50.0,0.1,100.0,decimal,1,%,
,,,○,,,,,hs_ldk_racfh_dannetsu,床の断熱（上面放熱率）,「暖房設備機器の選択　主たる居室」=10,,,70,1,100,decimal,0,,
,,,○,,,,,hs_ldk_racfh_dannetsu_haikan,断熱配管の採用,「暖房設備機器の選択　主たる居室」=10,1,採用する,2,1,2,short,,,
,,,○,,,,,,,,2,採用しない,,,,,,,
,,○,,,,,,hs_nldk_type,暖房設備機器の選択　その他の居室,「暖房方式の選択」=2,1,温水床暖房,-,1,9,short,,,
,,,,,,,,,,,2,パネルラジエータ,,,,,,,
,,,,,,,,,,,3,ファンコンベクタ,,,,,,,
,,,,,,,,,,,4,ルームエアコンディショナー,,,,,,,
,,,,,,,,,,,5,FF暖房設備,,,,,,,
,,,,,,,,,,,6,電気蓄熱暖房器,,,,,,,
,,,,,,,,,,,7,電気ヒーター床暖房,,,,,,,
,,,,,,,,,,,8,暖房設備を設置しない,,,,,,,
,,,,,,,,,,,9,その他の設備・機器,,,,,,,
,,,,,,,,,,,,,,,,,,,
,,,,,,,,,==以下、主たる居室と同様の選択肢==,,,,,,,,,,
,,,,,,,,,,,,,,,,,,,
,,,○,,,,,hs_onsuiyuka_netsugen,温水暖房機の種類,"「暖房設備／放熱器の選択　主たる居室」=1,2,3 or 「暖房設備／放熱器の選択　その他の居室」=1,2,3",1,温水暖房専用型を使用する,-,1,5,short,,,
,,,,,,,,,,,2,給湯・温水暖房一体型を使用する,,,,,,,
,,,,,,,,,,,3,コージェネレーションを使用する,,,,,,,
,,,,,,,,,,,4,その他の温水暖房機,,,,,,,
,,,,,,,,,,,5,温水暖房機を設置しない,,,,,,,
,,,,○,,,,hs_onsuiyuka_netsugen_senyo,温水暖房専用型,「熱源機の分類」＝1,1,石油従来型温水暖房機,-,1,6,short,,,
,,,,,,,,,,,6,石油潜熱回収型温水暖房機,,,,,,,
,,,,,,,,,,,2,ガス従来型温水暖房機,,,,,,,
,,,,,,,,,,,3,ガス潜熱回収型温水暖房機,,,,,,,
,,,,,,,,,,,4,電気ヒートポンプ温水暖房機（フロン系冷媒）,,,,,,,
,,,,,,,,,,,5,電気ヒーター温水暖房機,,,,,,,
,,,,,○,,,hs_onsuiyuka_oil_houhou,省エネルギー対策の有無および種類,「温水暖房専用型」=1,1,特に省エネルギー対策をしていない,-,1,2,short,,,
,,,,,,,,,,,2,当該機器の仕様から省エネルギー効果を評価する,,,,,,,
,,,,,,○,,hs_onsuiyuka_oil_e,定格能力におけるエネルギー消費効率,「省エネルギー対策の有無および種類」=2,,,82.0,0.0,100.0,decimal,1,%,
,,,,,○,,,hs_onsuiyuka_gas1_houhou,省エネルギー対策の有無および種類,「温水暖房専用型」=2,1,特に省エネルギー対策をしていない,-,1,2,short,,,
,,,,,,,,,,,2,当該機器の仕様から省エネルギー効果を評価する,,,,,,,
,,,,,,○,,hs_onsuiyuka_gas1_e,定格能力におけるエネルギー消費効率,「省エネルギー対策の有無および種類」=2,,,81.0,0.0,100.0,decimal,1,%,
,,,,,○,,,hs_onsuiyuka_gas2_houhou,省エネルギー対策の有無および種類,「暖房専用型熱源の種類」=3,1,特に省エネルギー対策をしていない,-,1,2,short,,,
,,,,,,,,,,,2,当該機器の仕様から省エネルギー効果を評価する,,,,,,,
,,,,,,○,,hs_onsuiyuka_gas2_e,定格能力におけるエネルギー消費効率,「省エネルギー対策の有無および種類」=2,,,87.0,0.0,100.0,decimal,1,%,
,,,,○,,,,hs_onsuiyuka_other_name,その他の温水暖房機の名称,「温水暖房専用型」=4,,,-,,,text,,,
,,,○,,,,,hs_onsuiyuka_dannnetu,断熱配管の採用,"「暖房設備／放熱器の選択　主たる居室」=1,2,3 or 「暖房設備／放熱器の選択　その他の居室」=1,2,3",1,採用する,-,1,2,short,,,
,,,,,,,,,,,2,採用しない,,,,,,,
,,,○,,,,,hs_onsuiyuka_dannnetu_kukaku,配管が通過する空間,"「暖房設備／放熱器の選択　主たる居室」=1,2,3 or 「暖房設備／放熱器の選択　その他の居室」=1,2,3",1,全て断熱区画内である,-,1,2,short,,,
,,,,,,,,,,,2,全てもしくは一部が断熱区画外である,,,,,,,
冷房,○,,,,,,,cs_houhou,冷房方式の選択,,1,住戸全体を冷房する,2,1,3,short,,,
,,,,,,,,,,,2,居室のみを冷房する,,,,,,,
,,,,,,,,,,,3,冷房設備機器を設置しない,,,,,,,
,,○,,,,,,cs_type,冷房設備機器の選択,「冷房方式の選択」=1,1,ダクト式セントラル空調機(ヒートポンプ式熱源),1,1,1,short,,,
,,,○,,,,,cs_dc_houhou,定格能力および定格消費電力の入力,,1,入力しない,,,,,,,
,,,,,,,,,,,2,定格能力および定格消費電力を入力することにより省エネルギー効果を評価する,1,1,2,short,,,
,,,,○,,,,cs_dc_capacity,定格冷房能力,「定格能力および定格消費電力の入力」=2,,定格冷房能力,7100,1000,30000,decimal,0,W,
,,,,○,,,,cs_dc_power,定格冷房消費電力,「定格能力および定格消費電力の入力」=2,,定格冷房消費電力,2240,100,15000,decimal,0,W,
,,,○,,,,,cs_dc_hosei,風量補正,「冷房設備機器の選択」=1,1,風量補正なし,1,1,2,short,,,
,,,,,,,,,,,2,風量補正あり,,,,,,,
,,,,○,,,,cs_dc_cpl1_value,消費電力量補正係数(風量補正なし) ,「風量補正」=1,,,1.69,1.00,9.99,decimal,2,-,
,,,,○,,,,cs_dc_cpl2_value,消費電力量補正係数(風量補正あり) ,「風量補正」=2,,,1.40,1.00,9.99,decimal,2,-,
,,○,,,,,,cs_ldk_type,主たる居室　冷房設備機器の種類,「冷房方式の選択」=2,1,ルームエアコンディショナー,1,1,3,short,,,
,,,,,,,,,,,3,その他の設備機器,,,,,,,
,,,,,,,,,,,2,冷房設備機器を設置しない,,,,,,,
,,,○,,,,,cs_ldk_type1_houhou,省エネルギー対策の有無および種類,「冷房設備機器の選択　主たる居室」=1,1,特に省エネルギー対策をしていない,1,1,2,short,,,
,,,,,,,,,,,2,エネルギー消費効率の区分を入力することにより省エネルギー効果を評価する,,,,,,,
,,,,○,,,,cs_ldk_aircon_koukouritsu,エネルギー消費効率の区分,「省エネルギー対策の有無および種類」=2,1,区分（い）,3,1,3,short,,,
,,,,,,,,,,,2,区分（ろ）,,,,,,,
,,,,,,,,,,,3,区分（は）,,,,,,,
,,,,○,,,,cs_ldk_aircon_dualcompressor,容量可変型コンプレッサー,「省エネルギー対策の有無および種類」=2,1,搭載しない,1,1,2,short,,,
,,,,,,,,,,,2,搭載する,,,,,,,
,,,○,,,,,,その他の設備機器の名称,「冷房設備・機器の選択　主たる居室」=3,,,-,,,text,,,
,,○,,,,,,cs_nldk_type,その他の居室　冷房設備機器の種類,「冷房方式の選択」=2,1,ルームエアコンディショナー,1,1,3,short,,,
,,,,,,,,,,,3,その他の設備機器,,,,,,,
,,,,,,,,,,,2,冷房設備機器を設置しない,,,,,,,
,,,○,,,,,cs_nldk_type1_houhou,省エネルギー対策の有無および種類,「冷房設備機器の選択　その他の居室」=1,1,特に省エネルギー対策をしていない,1,1,2,short,,,
,,,,,,,,,,,2,エネルギー消費効率の区分を入力することにより省エネルギー効果を評価する,,,,,,,
,,,,○,,,,cs_nldk_aircon_koukouritsu,エネルギー消費効率の区分,「省エネルギー対策の有無および種類」=2,1,区分（い）,3,1,3,short,,,
,,,,,,,,,,,2,区分（ろ）,,,,,,,
,,,,,,,,,,,3,区分（は）,,,,,,,
,,,,○,,,,cs_nldk_aircon_dualcompressor,容量可変型コンプレッサー,「省エネルギー対策の有無および種類」=2,1,搭載しない,1,1,2,short,,,
,,,,,,,,,,,2,搭載する,,,,,,,
,,,○,,,,,,その他の設備機器の名称,「冷房設備機器の選択　主たる居室」=3,,,-,,,text,,,
換気,○,,,,,,,vn_houshiki,換気設備の方式,,1,ダクト式第1種換気設備,2,1,4,short,,,
,,,,,,,,,,,5,ダクト式第1種換気設備(熱交換あり),,,,,,,
,,,,,,,,,,,2,ダクト式第2種または第3種換気設備,,,,,,,
,,,,,,,,,,,6,壁掛け式第1種換気設備(熱交換あり),,,,,,,
,,,,,,,,,,,3,壁付け式第1種換気設備,,,,,,,
,,,,,,,,,,,4,壁付け式第2種換気設備または壁付け式第3種換気設備,,,,,,,
,○,,,,,,,vn_houhou,省エネルギー対策の有無および評価の方法,"「換気設備の方式」=1,2",1,特に省エネルギー対策をしていない,3,1,3,short,,,
,,,,,,,,,,,2,採用した省エネルギー手法を選択し省エネルギーを評価する,,,,,,,
,,,,,,,,,,,3,比消費電力を入力することにより省エネルギー効果を評価する,,,,,,,
,,○,,,,,,vn_method1,【手法1】ダクト等の圧力損失低減,「省エネルギー対策の有無および評価の方法」=2,1,採用する,-,1,2,short,,,
,,,,,,,,,,,2,採用しない,,,,,,,
,,,〇,,,,,vn_method2,【手法2】 高効率機器の導⼊,「ダクト等の圧力損失低減」=1,1,採用する,,,,,,,
,,,,,,,,,,,2,採用しない,,,,,,,
,,○,,,,,,vn_method3,【手法3】 熱交換型換気システムの夏期・中間期の効率的運転,「省エネルギー対策の有無および評価の方法」=2,1,採用する,,,,,,,
,,,,,,,,,,,2,採用しない,,,,,,,
,,,〇,,,,,vn_method4,【手法4】 温度差利用型ハイブリッド換気,「ダクト等の圧力損失低減」=1,1,採用する,,,,,,,
,,,,,,,,,,,2,採用しない,,,,,,,
,,○,,,,,,vn_method5,【手法5】ファンと屋外端末の組み合わせの適正化,「省エネルギー対策の有無および評価の方法」=2,1,採用する,,,,,,,
,,,,,,,,,,,2,採用しない,,,,,,,
,,○,,,,,,vn_hishohidenryoku,比消費電力,「省エネルギー対策の有無および評価の方法」=3,,,0.30,0.01,2.00,decimal,2,W/(m3/h),
,○,,,,,,,vn_freq,換気回数,,1,0.5回/h,1,1,3,short,,,
,,,,,,,,,,,2,0.7回/h,,,,,,,
,,,,,,,,,,,3,0.0回/h,,,,,,,
,,〇,,,,,,vn_e,第一種換気設備の場合における有効換気量率,"「換気設備の方式」=1,3,5,6",,,1.00,0.01,1.00,decimal,2,,
熱交換,,○,,,,,,hv_eff,熱交換換気設備性能 温度交換効率,"「換気設備の方式」=5,6",,,65,40,100,decimal,0,%,
,,〇,,,,,,,補正係数の入力,,1,デフォルト値を使⽤する,,,,,,,
,,,,,,,,,,,2,定格条件および設計時における給気・還気風量から計算する,,,,,,,
,,,○,,,,,hv_bal,給気と排気の比率による温度交換効率の補正係数,「補正係数の入力」=2,,,0.90,0.00,2.00,decimal,2,,Ver 1.14最大値変更
,,,○,,,,,hv_leak,排気過多時における住宅外皮経由の漏気による温度交換効率の補正係数,「補正係数の入力」=2,,,1.00,0.00,1.00,decimal,2,,
太陽給湯,○,,,,,,,sw_saiyou,太陽熱給湯設備の採用について,,1,太陽熱給湯を採用する,2,1,2,short,,,
,,,,,,,,,,,2,太陽熱給湯を採用しない,,,,,,,
,,○,,,,,,sw_sr,太陽熱給湯設備の種類,「太陽熱給湯設備の採用について」=1,1,太陽熱温水器を採用する（太陽熱給湯1）,-,1,2,short,,,
,,,,,,,,,,,2,ソーラーシステムを採用する（太陽熱給湯2）,,,,,,,
,,,○,,,,,sw_sr1_menseki,面積の入力方法,「太陽熱給湯設備の種類」=1,1,集熱部面積又は集熱貯湯部総面積を入力する,1,1,2,decimal,,,
,,,,,,,,,,,2,有効集熱面積を入力する,,,,,,,
,,,,○,,,,sw_sr1_menseki_all,集熱総面積,「面積の入力方法」=1,,,-,0.5,99.9,decimal,1,m2,Ver2.3 更新
,,,,○,,,,sw_sr1_menseki_eff,有効集熱面積,「面積の入力方法」=2,,,-,0.5,99.9,decimal,1,m2,Ver2.3 更新
,,,○,,,,,sw_sr2_menseki,面積の入力方法,「太陽熱給湯設備の種類」=2,1,集熱器総面積を入力する,1,1,2,decimal,,,
,,,,,,,,,,,2,有効集熱面積を入力する,,,,,,,
,,,,○,,,,sw_sr2_menseki_all,集熱総面積,「面積の入力方法」=1,,,-,0.5,99.9,decimal,1,m2,Ver2.3 更新
,,,,○,,,,sw_sr2_menseki_eff,有効集熱面積,「面積の入力方法」=2,,,-,0.5,99.9,decimal,1,m2,Ver2.3 更新
,,,○,,,,,sw_sr{x}_angle,集熱部の設置方位角,「太陽熱給湯設備の種類」=1 or 2,1,真南から東および西へ15度未満,-,1,12,short,,,
,,,,,,,,,,,2,真南から東へ15度以上45度未満,,,,,,,
,,,,,,,,,,,3,真南から東へ45度以上75度未満,,,,,,,
,,,,,,,,,,,4,真南から東へ75度以上105度未満,,,,,,,
,,,,,,,,,,,5,真南から東へ105度以上135度未満,,,,,,,
,,,,,,,,,,,6,真南から東へ135度以上165度未満,,,,,,,
,,,,,,,,,,,7,真南から東および西へ165度以上真北まで,,,,,,,
,,,,,,,,,,,8,真南から西へ135度以上165度未満,,,,,,,
,,,,,,,,,,,9,真南から西へ105度以上135度未満,,,,,,,
,,,,,,,,,,,10,真南から西へ75度以上105度未満,,,,,,,
,,,,,,,,,,,11,真南から西へ45度以上75度未満,,,,,,,
,,,,,,,,,,,12,真南から西へ15度以上45度未満,,,,,,,
,,,○,,,,,sw_sr{x}_slope,集熱部の設置傾斜角,「太陽熱給湯設備の種類」=1 or 2,1,0度（水平）,4,1,10,short,,,
,,,,,,,,,,,2,10度,,,,,,,
,,,,,,,,,,,3,20度,,,,,,,
,,,,,,,,,,,4,30度,,,,,,,
,,,,,,,,,,,5,40度,,,,,,,
,,,,,,,,,,,6,50度,,,,,,,
,,,,,,,,,,,7,60度,,,,,,,
,,,,,,,,,,,8,70度,,,,,,,
,,,,,,,,,,,9,80度,,,,,,,
,,,,,,,,,,,10,90度（鉛直）,,,,,,,
,,,○,,,,,sw_sr2_tankyouryo,貯湯タンクの容量,「太陽熱給湯装置の種類」=2,1,100L以上150L未満,-,0,1000,short,,,選択要素削除→自由入力
,,,,,,,,,,,2,150L以上200L未満,,,,,,,
,,,,,,,,,,,3,200L以上300L未満,,,,,,,
,,,,,,,,,,,4,300L以上400L未満,,,,,,,
,,,,,,,,,,,5,400L以上,,,,,,,
給湯,○,,,,,,,hw_setti,給湯設備・浴室等の有無,,1,給湯設備がある（浴室等がある）,1,1,3,short,,,
,,,,,,,,,,,2,給湯設備がある（浴室等がない）,,,,,,,
,,,,,,,,,,,3,給湯設備がない,,,,,,,
,,○,,,,,,hw_shurui,熱源機の分類,「給湯設備の有無」=1 or 2,11,給湯専用型,11,6,12,short,,,
,,,,,,,,,,,12,給湯・温水暖房一体型,,,,,,,
,,,,,,,,,,,6,コージェネレーションを使用する,,,,,,,
,,,,,,,,,,,8,その他の給湯設備機器,,,,,,,
,,,,,,,,,,,7,給湯設備機器を設置しない,,,,,,,
,,,○,,,,,hw_shurui_senyo,熱源機(給湯専用型)の種類,「熱源機の分類」=11,1,ガス従来型給湯機,1,1,9,short,,,
,,,,,,,,,,,7,ガス潜熱回収型給湯機,,,,,,,
,,,,,,,,,,,2,石油従来型給湯機,,,,,,,
,,,,,,,,,,,8,石油潜熱回収型給湯機,,,,,,,
,,,,,,,,,,,3,電気ヒーター給湯機,,,,,,,
,,,,,,,,,,,4,電気ヒートポンプ給湯機（CO2冷媒）(太陽熱利用給湯設備を使用しないもの),,,,,,,
,,,,,,,,,,,5,電気ヒートポンプ・ガス併用型給湯,,,,,,,
,,,,,,,,,,,9,電気ヒートポンプ・ガス併用型給湯機,,,,,,,
,,,,○,,,,hw_senyo_sr1_taisaku,効率の入力(ガス従来型),「熱源機(給湯専用型)の種類」=1,1,入力しない,1,1,3,short,,,
,,,,,,,,,,,2,効率（エネルギー消費効率）を入力することにより省エネルギー効果を評価する,,,,,,,
,,,,,,,,,,,3,効率（モード熱効率）を入力することにより省エネルギー効果を評価する,,,,,,,
,,,,,○,,,hw_senyo_sr1_e,エネルギー消費効率,「効率の入力(ガス従来型)」=2,,,70.4,0,100,decimal,1,%,
,,,,,○,,,hw_senyo_sr1_emode,モード熱効率,「効率の入力(ガス従来型)」=3,,,70.4,0,100,decimal,1,%,
,,,,○,,,,hw_senyo_sr7_taisaku,効率の入力(ガス潜熱回収型),「熱源機(給湯専用型)の種類」=7,1,入力しない,1,1,3,short,,,
,,,,,,,,,,,2,効率（エネルギー消費効率）を入力することにより省エネルギー効果を評価する,,,,,,,
,,,,,,,,,,,3,効率（モード熱効率）を入力することにより省エネルギー効果を評価する,,,,,,,
,,,,,○,,,hw_senyo_sr7_e,エネルギー消費効率,「効率の入力(ガス潜熱回収型)」=2,,,70.4,0,100,decimal,1,%,
,,,,,○,,,hw_senyo_sr7_emode,モード熱効率,「効率の入力(ガス潜熱回収型)」=3,,,83.6,0,100,decimal,1,%,
,,,,○,,,,hw_senyo_sr2_taisaku,効率の入力(石油従来型),「熱源機(給湯専用型)の種類」=2,1,入力しない,1,1,3,short,,,
,,,,,,,,,,,2,効率（熱効率）を入力することにより省エネルギー効果を評価する,,,,,,,
,,,,,,,,,,,3,効率（モード熱効率）を入力することにより省エネルギー効果を評価する,,,,,,,
,,,,,○,,,hw_senyo_sr2_e,熱効率,「効率の入力(石油従来型)」=2,,,77.9,0,100,decimal,1,%,
,,,,,○,,,hw_senyo_sr2_emode,モード熱効率,「効率の入力(石油従来型)」=3,,,77.9,0,100,decimal,1,%,
,,,,○,,,,hw_senyo_sr8_taisaku,効率の入力(石油潜熱回収型),「熱源機(給湯専用型)の種類」=8,1,入力しない,,1,3,short,,,
,,,,,,,,,,,2,効率（熱効率）を入力することにより省エネルギー効果を評価する,,,,,,,
,,,,,,,,,,,3,効率（モード熱効率）を入力することにより省エネルギー効果を評価する,,,,,,,
,,,,,○,,,hw_senyo_sr8_e,熱効率,「効率の入力(石油潜熱回収型)」=2,,,77.9,0,100,decimal,1,%,
,,,,,○,,,hw_senyo_sr8_emode,モード熱効率,「効率の入力(石油潜熱回収型)」=3,,,81.9,0,100,decimal,1,%,
,,,,○,,,,hw_senyo_sr4_taisaku,効率の入力(電気ヒートポンプ),「熱源機(給湯専用型)の種類」=4,1,入力しない,1,1,3,short,,,
,,,,,,,,,,,2,JIS効率を入力することにより省エネルギー効果を評価する,,,,,,,
,,,,,,,,,,,3,M1スタンダードに基づくJIS相当効率を入力することにより省エネルギー効果を評価する(認定機種のみ),,,,,,,
,,,,,○,,,hw_senyo_sr4_e,JIS効率,"「効率の入力(電気ヒートポンプ)」=2",,,2.7,0.0,5.0,decimal,1,-,
,,,,,○,,,hw_senyo_sr4_m1see,M1スタンダードに基づくJIS相当効率,"「効率の入力(電気ヒートポンプ)」=3",,,3.60,0.00,5.00,decimal,2,-,
,,,,,○,,,hw_senyo_sr4_name,機種名,「省エネルギー対策の有無および種類」=3,,,,,,,,,
,,,,○,,,,hw_senyo_sr9_package_input,電気ヒートポンプ・ガス併用型給湯機の指定,「熱源機(給湯専用型)の種類」=9,1,電気ヒートポンプ・ガス併用型給湯機の品番を入力する,-,1,2,short,,,
,,,,,,,,,,,2,電気ヒートポンプ・ガス併用型給湯機の品番を入力しない,,,,,,,
,,,,,○,,,hw_senyo_sr9_package_id,電気ヒートポンプ・ガス併用型給湯機のパッケージID,「電気ヒートポンプ・ガス併用型給湯機の指定」=1,,,,,,short,,,
,,,,,○,,,hw_senyo_sr9_coolant_type,冷媒の種類,「電気ヒートポンプ・ガス併用型給湯機の指定」=2,1,フロン系冷媒,,1,2,short,,,
,,,,,,,,,,,2,プロパン系冷媒,,,,,,,
,,,,,,○,,hw_senyo_sr9_tank,タンク容量,「冷媒の種類」=1,1,タンク容量(小),,1,2,short,,,
,,,,,,,,,,,2,タンク容量(大),,,,,,,
,,,○,,,,,hw_shurui_ittai,熱源機（給湯・温水暖房一体型）の種類,「熱源機の分類」=12,1,ガス従来型給湯温水暖房機,,1,6,short,,,
,,,,,,,,,,,2,ガス潜熱回収型給湯温水暖房機,,,,,,,
,,,,,,,,,,,3,石油従来型給湯温水暖房機,,,,,,,
,,,,,,,,,,,4,石油潜熱回収型給湯温水暖房機,,,,,,,
,,,,,,,,,,,5,電気ヒーター給湯温水暖房機,,,,,,,
,,,,,,,,,,,6,電気ヒートポンプ・ガス併用型給湯温水暖房機,,,,,,,
,,,,○,,,,hw_ittai_sr1_taisaku,効率の入力(ガス従来型),「熱源機（給湯・温水暖房一体型）の種類」=1,1,入力しない,,1,3,short,,,
,,,,,,,,,,,2,効率（暖房部：熱効率　給湯部：エネルギー消費効率）を入力することにより省エネルギー効果を評価する,,,,,,,
,,,,,,,,,,,3,効率（暖房部：熱効率　給湯部：モード熱効率）を入力することにより省エネルギー効果を評価する,,,,,,,
,,,,,○,,,hw_ittai_sr1_heater_e,暖房部熱効率,「効率の入力(ガス従来型)」=2 or 3 ,,,81.0,0,100,decimal,1,%,
,,,,,○,,,hw_ittai_sr1_hotwater_e,給湯部 エネルギー消費効率,「効率の入力(ガス従来型)」=2,,,70.4,0,100,decimal,1,%,
,,,,,○,,,hw_ittai_sr1_hotwater_emode,給湯部 モード熱効率,「効率の入力(ガス従来型)」=3,,,70.4,0,100,decimal,1,%,
,,,,○,,,,hw_ittai_sr2_taisaku,効率の入力(ガス潜熱回収型),「熱源機（給湯・温水暖房一体型）の種類」=2,1,入力しない,,1,3,short,,,
,,,,,,,,,,,2,効率（暖房部：熱効率　給湯部：エネルギー消費効率）を入力することにより省エネルギー効果を評価する,,,,,,,
,,,,,,,,,,,3,効率（暖房部：熱効率　給湯部：モード熱効率）を入力することにより省エネルギー効果を評価する,,,,,,,
,,,,,○,,,hw_ittai_sr2_heater_e,暖房部熱効率,「効率の入力(ガス潜熱回収型)」=2 or 3 ,,,87.0,0,100,decimal,1,%,
,,,,,○,,,hw_ittai_sr2_hotwater_e,給湯部 エネルギー消費効率,「効率の入力(ガス潜熱回収型)」=2,,,83.6,0,100,decimal,1,%,
,,,,,○,,,hw_ittai_sr2_hotwater_emode,給湯部 モード熱効率,「効率の入力(ガス潜熱回収型)」=3,,,83.6,0,100,decimal,1,%,
,,,,○,,,,hw_ittai_sr3_taisaku,効率の入力（石油従来型）,「熱源機（給湯・温水暖房一体型）の種類」=3,1,入力しない,,1,3,short,,,
,,,,,,,,,,,2,効率（暖房部：熱効率　給湯部：熱効率）を入力することにより省エネルギー効果を評価する,,,,,,,
,,,,,,,,,,,3,効率（暖房部：熱効率　給湯部：モード熱効率）を入力することにより省エネルギー効果を評価する,,,,,,,
,,,,,○,,,hw_ittai_sr3_heater_e,暖房部熱効率,「効率の入力（石油従来型）」=2 or 3 ,,,82.0,0,100,decimal,1,%,
,,,,,○,,,hw_ittai_sr3_hotwater_e,給湯部 熱効率,「効率の入力（石油従来型）」=2,,,77.9,0,100,decimal,1,%,
,,,,,○,,,hw_ittai_sr3_hotwater_emode,給湯部 モード熱効率,「効率の入力（石油従来型）」=3,,,77.9,,,,,,
,,,,○,,,,hw_ittai_sr4_taisaku,効率の入力（石油潜熱回収型）,「熱源機（給湯・温水暖房一体型）の種類」=4,1,入力しない,,1,3,short,,,
,,,,,,,,,,,2,効率（暖房部：熱効率　給湯部：熱効率）を入力することにより省エネルギー効果を評価する,,,,,,,
,,,,,,,,,,,3,効率（暖房部：熱効率　給湯部：モード熱効率）を入力することにより省エネルギー効果を評価する,,,,,,,
,,,,,○,,,hw_ittai_sr4_heater_e,暖房部熱効率,「効率の入力（石油潜熱回収型）」=2 or 3 ,,,82.0,0,100,decimal,1,%,
,,,,,○,,,hw_ittai_sr4_hotwater_e,給湯部 熱効率,「効率の入力（石油潜熱回収型）」=2,,,77.9,0,100,decimal,1,%,
,,,,,○,,,hw_ittai_sr4_hotwater_emode,給湯部 モード熱効率,「効率の入力（石油潜熱回収型）」=3,,,77.9,0,100,,1,,
,,,,○,,,,hw_ittai_sr6_kosei,熱源構成 ,「熱源機（給湯・温水暖房一体型）の種類」=6,1,暖房部：電気ヒートポンプ・ガス、給湯部：ガス,,1,5,short,,,
,,,,,,,,,,,2,暖房部：電気ヒートポンプ・ガス、給湯部：電気ヒートポンプ・ガス,,,,,,,
,,,,,,,,,,,3,,,,,,,,
,,,,,,,,,,,4,,,,,,,,
,,,,,,,,,,,5,暖房部：ガス、給湯部：電気ヒートポンプ・ガス,,,,,,,
,,,,,○,,,hw_ittai_sr6_kosei_sr1_tank,タンクユニットの設置場所 ,「熱源構成」=1,1,タンクユニットを屋内に設置する,,1,2,short,,,
,,,,,,,,,,,2,タンクユニットを屋外に設置する,,,,,,,
,,,,〇,,,,hw_ittai_sr6_kosei_sr5_package_input,電気ヒートポンプ・ガス併用型給湯機の指定,「熱源機（給湯・温水暖房一体型）の種類」=6,1,電気ヒートポンプ・ガス併用型給湯機の品番を入力する,-,1,2,short,,,
,,,,,,,,,,,2,電気ヒートポンプ・ガス併用型給湯機の品番を入力しない,,,,,,,
,,,,,〇,,,hw_ittai_sr6_kosei_sr5_package_id,電気ヒートポンプ・ガス併用型給湯機のパッケージID,「電気ヒートポンプ・ガス併用型給湯機の指定」=1,,,,,,short,,,
,,,,,〇,,,hw_ittai_sr6_kosei_sr5_coolant_type,冷媒の種類,「電気ヒートポンプ・ガス併用型給湯機の指定」=2,1,フロン系冷媒,,1,2,short,,,
,,,,,,,,,,,2,プロパン系冷媒,,,,,,,
,,,,,,〇,,hw_ittai_sr6_kosei_sr5_tank,タンク容量,「冷媒の種類」=1,1,タンク容量(小),,1,2,short,,,
,,,,,,,,,,,2,タンク容量(大),,,,,,,
,,,○,,,,,hw_other_name,その他の給湯設備機器の名称,「熱源機の分類」=8,,,-,,,text,,,
,,○,,,,,,hw_src_type,ふろ機能の種類,"「熱源機の分類」=6 or 8 or 
(11 and (熱源機(給湯専用型)の種類 = 1 or 2 or 3 or 4 or 7 or 8 or 9)) or 
(12 and 熱源機（給湯・温水暖房一体型）の種類 = 1 or 2 or 3 or 4 or 5 or (6 and 熱源構成 = 5)))",1,給湯単機能,3,1,3,short,,,
,,,,,,,,,,,2,ふろ給湯機（追焚なし）,,,,,,,
,,,,,,,,,,,3,ふろ給湯機（追焚あり）,,,,,,,
,,○,,,,,,hw_header_type,配管方式,「給湯設備の有無」=1,1,先分岐方式,1,1,2,short,,,
,,,,,,,,,,,2,ヘッダー方式,,,,,,,
,,,○,,,,,hw_pipesize,ヘッダー分岐後の配管径,「配管方式」=2,1,ヘッダー分岐後のすべての配管径が13A以下,-,1,2,short,,,
,,,,,,,,,,,2,ヘッダー分岐後のいずれかの配管径が13Aより大きい,,,,,,,
,,○,,,,,,hw_daidokoro_suisen,台所水栓,「給湯設備の有無」=1,1,2バルブ水栓,1,1,2,short,,,
,,,,,,,,,,,2,2バルブ水栓以外のその他の水栓,,,,,,,
,,,○,,,,,hw_daidokoro_temoto,手元止水機能,「水栓台所」=2,1,採用しない,-,1,2,short,,,
,,,,,,,,,,,2,採用する,,,,,,,
,,,○,,,,,hw_daidokoro_yusen,水優先吐水機能,「水栓台所」=2,1,採用しない,-,1,2,short,,,
,,,,,,,,,,,2,採用する,,,,,,,
,,○,,,,,,hw_shower_suisen,浴室シャワー水栓,「給湯設備の有無」=1,1,2バルブ水栓,1,1,2,short,,,
,,,,,,,,,,,2,2バルブ水栓以外のその他の水栓,,,,,,,
,,,○,,,,,hw_shower_temoto,手元止水機能,「浴室シャワー水栓」=2,1,採用しない,-,1,2,short,,,
,,,,,,,,,,,2,採用する,,,,,,,
,,,○,,,,,hw_shower_shoryuryo,小流量吐水機能,「浴室シャワー水栓」=2,1,採用しない,-,1,2,short,,,
,,,,,,,,,,,2,採用する,,,,,,,
,,○,,,,,,hw_senmen_suisen,洗面水栓,「給湯設備の有無」=1,1,2バルブ水栓,1,1,2,short,,,
,,,,,,,,,,,2,2バルブ水栓以外のその他の水栓,,,,,,,
,,,○,,,,,hw_senmen_yusen,水優先吐水機能,「洗面水栓」=2,1,採用しない,-,1,2,short,,,
,,,,,,,,,,,2,採用する,,,,,,,
,,○,,,,,,hw_yokuso_hoon,浴槽の保温措置,「給湯設備の有無」=1,1,設置しない,1,1,2,short,,,
,,,,,,,,,,,2,設置する,,,,,,,
,,〇,,,,,,,浴槽の節湯,「給湯設備の有無」=1,1,大きさを入力しない,,,,,,,
,,,,,,,,,,,2,大きさを入力する,,,,,,,
,,,〇,,,,,,浴槽の大きさ,「浴槽の節湯」=2 ,,,170,0,300,,0,L,
照明,○,,,,,,,ls_main_setti,主たる居室　設置の有無,,1,設置しない,1,1,2,short,,,
,,,,,,,,,,,2,設置する,,,,,,,
,,○,,,,,,ls_main_design,照明器具の種類,「主たる居室　設置の有無」=2,1,すべての機器においてLEDを使用している,-,1,3,short,,,
,,,,,,,,,,,2,すべての機器において白熱灯以外を使用している,,,,,,,
,,,,,,,,,,,3,いずれかの機器において白熱灯を使用している,,,,,,,
,,,○,,,,,ls_main_multi,多灯分散照明方式の採用,「照明器具の種類」=1 or 2,1,採用しない,-,1,2,short,,,
,,,,,,,,,,,2,採用する,,,,,,,
,,○,,,,,,ls_main_dimming,調光が可能な制御,「主たる居室　設置の有無」=2,1,採用する,-,1,2,short,,,
,,,,,,,,,,,2,採用しない,,,,,,,
,○,,,,,,,ls_general_setti,その他の居室　設置の有無,,1,設置しない,1,1,2,short,,,
,,,,,,,,,,,2,設置する,,,,,,,
,,○,,,,,,ls_general_device,照明器具の種類,「その他の居室　設置の有無」=2,1,すべての機器においてLEDを使用している,-,1,3,short,,,
,,,,,,,,,,,2,すべての機器において白熱灯以外を使用している,,,,,,,
,,,,,,,,,,,3,いずれかの機器において白熱灯を使用している,,,,,,,
,,○,,,,,,ls_general_dimming,調光が可能な制御,「その他の居室　設置の有無」=2,1,採用する,-,1,2,short,,,
,,,,,,,,,,,2,採用しない,,,,,,,
,○,,,,,,,ls_other_setti,非居室　設置の有無,,1,設置しない,1,1,2,short,,,
,,,,,,,,,,,2,設置する,,,,,,,
,,○,,,,,,ls_other_device,照明器具の種類,「非居室　設置の有無」=2,1,すべての機器においてLEDを使用している,-,1,3,short,,,
,,,,,,,,,,,2,すべての機器において白熱灯以外を使用している,,,,,,,
,,,,,,,,,,,3,いずれかの機器において白熱灯を使用している,,,,,,,
,,○,,,,,,ls_other_control,人感センサー,「非居室　設置の有無」=2,1,採用する,-,1,2,short,,,
,,,,,,,,,,,2,採用しない,,,,,,,
コージェネレーション,○,,,,,,,use_cogen,コージェネレーションの設置,,1,採用しない,1,1,3,short,,,
,,,,,,,,,,,2,採用する,,,,,,,
,,○,,,,,,cogen_type,コージェネレーションの方式,「コージェネレーションの設置」=2,1,PEFC(固体高分子形燃料電池),1,1,４,short,,,
,,,,,,,,,,,2,SOFC(固体酸化物形燃料電池),,,,,,,
,,,,,,,,,,,3,GEC(ガスエンジン),,,,,,,GECは当面非表示
,,,○,,,,,cogen_package_input,コージェネレーション機器の指定,"「コージェネレーションの方式」=1,2,3",1,コージェネレーション機器の品番を入力する,1,1,2,short,,,
,,,,,,,,,,,2,コージェネレーション機器の品番を入力しない,,,,,,,
,,,,,,,,,,,3,PEFC・SOFCに2015年度以前の評価方法またはGEC,,,,,,,
,,,,○,,,,cogen_pefc_package_id,コージェネレーション機器のパッケージID,「コージェネレーション機器の指定」=1 かつ 「コージェネレーションの方式」=1,,,,,,short,,,選択した方式の機器一覧から選択する
,,,,○,,,,cogen_sofc_package_id,コージェネレーション機器のパッケージID,「コージェネレーション機器の指定」=1 かつ 「コージェネレーションの方式」=2,,,,,,short,,,選択した方式の機器一覧から選択する
,,,,○,,,,cogen_gec_package_id,コージェネレーション機器のパッケージID,「コージェネレーション機器の指定」=1 かつ 「コージェネレーションの方式」=3,,,,,,short,,,選択した方式の機器一覧から選択する
,,,,〇,,,,cogen_houshiki,コージェネレーションの種類,「コージェネレーション機器の指定」=4,2,PEFC1,-,1,20000,short,,,
,,,,,,,,,,,3,PEFC2,,,,,,,
,,,,,,,,,,,4,PEFC3,,,,,,,
,,,,,,,,,,,5,PEFC4,,,,,,,
,,,,,,,,,,,6,PEFC5,,,,,,,
,,,,,,,,,,,7,SOFC1,,,,,,,
,,,,,,,,,,,8,SOFC2,,,,,,,
,,,,,,,,,,,9,GEC1,,,,,,,
,,,,,,,,,,,10,GEC2,,,,,,,
,,,,,,,,,,,11,PEFC6,,,,,,,
,,,,,,,,,,,99,値指定,,,,,,,
,,,,,,,,,,,101,PEFC（2016年度以降）,,,,,,,
,,,,,,,,,,,102,SOFC（2016年度以降）,,,,,,,
,,,,,,,,,,,103,GEC（2016年度以降）,,,,,,,
,,,,,,,,,,,10000,データベース指定,,,,,,,
太陽光発電,○,,,,,,,pv_saiyou,太陽光発電の採用,,2,太陽光発電を採用しない,2,1,2,short,,,
,,,,,,,,,,,1,太陽光発電を採用する,,,,,,,
,,○,,,,,,pv_panelsuu,方位の異なるパネル,「太陽光発電の採用」=2,1,1面,1,1,4,short,,,
,,,,,,,,,,,2,2面,,,,,,,
,,,,,,,,,,,3,3面,,,,,,,
,,,,,,,,,,,4,4面,,,,,,,
,,,○,,,,,pv_panel{x}_youryo,太陽電池アレイのシステム容量,「方位の異なるパネル」指定分繰り返し,,,2.00,0,99.99,decimal,2,,
,,,○,,,,,pv_panel{x}_shurui,太陽電池アレイの種類,「方位の異なるパネル」指定分繰り返し,1,結晶シリコン系太陽電池,-,1,2,short,,,
,,,,,,,,,,,2,結晶シリコン系以外の太陽電池,,,,,,,
,,,○,,,,,pv_panel{x}_setti,太陽電池アレイ設置方式,「方位の異なるパネル」指定分繰り返し,1,架台設置形,2,1,3,short,,,
,,,,,,,,,,,2,屋根置き形,,,,,,,
,,,,,,,,,,,3,その他,,,,,,,
,,,○,,,,,pv_panel{x}_houi,パネル設置方位方位角,「方位の異なるパネル」指定分繰り返し,1,真南から東および西へ15度未満,1,1,12,short,,,
,,,,,,,,,,,2,真南から東へ15度以上45度未満,,,,,,,
,,,,,,,,,,,3,真南から東へ45度以上75度未満,,,,,,,
,,,,,,,,,,,4,真南から東へ75度以上105度未満,,,,,,,
,,,,,,,,,,,5,真南から東へ105度以上135度未満,,,,,,,
,,,,,,,,,,,6,真南から東へ135度以上165度未満,,,,,,,
,,,,,,,,,,,7,真南から東および西へ165度以上真北まで,,,,,,,
,,,,,,,,,,,8,真南から西へ135度以上165度未満,,,,,,,
,,,,,,,,,,,9,真南から西へ105度以上135度未満,,,,,,,
,,,,,,,,,,,10,真南から西へ75度以上105度未満,,,,,,,
,,,,,,,,,,,11,真南から西へ45度以上75度未満,,,,,,,
,,,,,,,,,,,12,真南から西へ15度以上45度未満,,,,,,,
,,,○,,,,,pv_panel{x}_keisha,パネル設置角度傾斜角,「方位の異なるパネル」指定分繰り返し,1,0度（水平）,4,1,10,short,,,
,,,,,,,,,,,2,10度,,,,,,,
,,,,,,,,,,,3,20度,,,,,,,
,,,,,,,,,,,4,30度,,,,,,,
,,,,,,,,,,,5,40度,,,,,,,
,,,,,,,,,,,6,50度,,,,,,,
,,,,,,,,,,,7,60度,,,,,,,
,,,,,,,,,,,8,70度,,,,,,,
,,,,,,,,,,,9,80度,,,,,,,
,,,,,,,,,,,10,90度（鉛直）,,,,,,,
,,○,,,,,,pv_pcs_koritsu,パワーコンディショナの定格負荷効率の入力,「太陽光発電の採用」=2,1,入力しない,1,1,2,short,,,
,,,,,,,,,,,2,入力する,,,,,,,
,,,○,,,,,pv_pcs_koritsu_e,パワーコンディショナの定格負荷効率,「パワーコンディショナの定格負荷効率の入力」=2,,,92.8,90.00,99.99,decimal,2,%,
水生ゴミ,〇,,,,,,,wt_toilet_bowl,節水型機器の利用(手法1) 大便器,,1,6.0L,,,,,,,
,,,,,,,,,,,2,5.0L,,,,,,,
,,,,,,,,,,,3,4.0L,,,,,,,
,〇,,,,,,,wt_wash_machine,節水型機器の利用(手法1) 洗濯機,,1,100L縦型,,,,,,,
,,,,,,,,,,,2,70Lドラム型,,,,,,,
,〇,,,,,,,wt_dish_washer,節水型機器の利用(手法1) 食器洗浄機,,1,30L手洗い,,,,,,,
,,,,,,,,,,,2,10L食器洗浄機,,,,,,,
,〇,,,,,,,wt_reuse,雨水・排水再利用システムの採用(手法2) ,,1,採用しない,,,,,,,
,,,,,,,,,,,2,植栽散水等(方式1),,,,,,,
,,,,,,,,,,,3,植栽散水等+トイレ洗浄水(方式2),,,,,,,
,〇,,,,,,,wt_permeation_box,雨水浸透桝等の採用(手法3),,1,屋根面雨水を外部に排出し、敷地内を非透水性の材料で被覆(方式1),,,,,,,
,,,,,,,,,,,2,屋根面雨水を雨水浸透桝で処理し、敷地内を非透水性の材料で被覆(方式2),,,,,,,
,,,,,,,,,,,3,屋根面雨水を雨水浸透桝で処理し、敷地内を植栽または透水性の材料で被覆(方式3),,,,,,,
,〇,,,,,,,wt_trainage,排水の高度処理技術の採用,,1,採用しないまたは下水道整備地域である,,,,,,,
,,,,,,,,,,,2,合併処理浄化槽(手法1),,,,,,,
,,,,,,,,,,,3,窒素除去型合併処理浄化槽(手法2),,,,,,,
,,,,,,,,,,,4,高度処理型合併処理浄化槽(手法3),,,,,,,
,〇,,,,,,,wt_raw_garbage,生ごみの効率的処理技術の採用,,1,採用しない,,,,,,,
,,,,,,,,,,,2,コンポスト,,,,,,,
,,,,,,,,,,,3,家庭用生ゴミ処理機,,,,,,,
,,,,,,,,,,,4,ディスポーザ排水処理システム,,,,,,,
家電,〇,,,,,,,ap_fridge_age,冷蔵庫製造年代,,1,2001〜2006年の製品,,,,,,,
,,,,,,,,,,,2,2011年製,,,,,,,
,,,,,,,,,,,3,2009年製,,,,,,,
,,,,,,,,ap_tv_eco,テレビ ⼀般型・省エネ型の別,,1,一般型,,,,,,,
,,,,,,,,,,,2,省エネ型,,,,,,,
,,,,,,,,ap_tv_size,テレビ 画面サイズ,,1,60V,,,,,,,
,,,,,,,,,,,2,46V,,,,,,,
,,,,,,,,,,,3,37V,,,,,,,
,,,,,,,,,,,4,32V,,,,,,,
,,,,,,,,,,,5,26V,,,,,,,
,〇,,,,,,,ap_wc_seat_heater,温水便座 便座ヒーター,,1,非瞬間式,,,,,,,
,,,,,,,,,,,2,瞬間式,,,,,,,
,〇,,,,,,,ap_wc_water_heater,温水便座 洗浄水ヒーター,,1,貯湯式,,,,,,,
,,,,,,,,,,,2,瞬間式,,,,,,,
,〇,,,,,,,ap_drying_machine,洗濯機 乾燥機,,1,電気ヒーターなし,,,,,,,
,,,,,,,,,,,2,電気ヒーター乾燥機,,,,,,,
,,,,,,,,,,,3,電気ヒートポンプ乾燥機,,,,,,,
,〇,,,,,,,ap_electric_pot,電気ポット,,1,通常(湯沸かし+電気保温),,,,,,,
,,,,,,,,,,,2,真空魔法瓶(湯沸かし+電気保温),,,,,,,
,,,,,,,,,,,3,省エネタイプ真空魔法瓶(湯沸かし+電気保温),,,,,,,
,,,,,,,,,,,4,電気ケトル(湯沸かしのみ),,,,,,,
,,,,,,,,,,,,